tag,target_mL,mode,name,unit,minimum_margin,time_s,violated
A_startup_2p5,300,2,phase_boundary,rad,0.30296937674365365,2.5490841517915714,False
A_startup_2p5,300,2,50mm_limit,m,0.08201844402098446,24.358660587098683,False
A_startup_2p5,300,2,sphere_limit,m^3,0.00016561196450508493,23.60918595444294,False
A_startup_2p5,300,2,extension_boundary,m,9.99999995370915e-07,0.33136644026361367,False
A_startup_2p5,300,2,speed_envelope_boundary,rad/s,4.378489483811828,19.320985401010415,False
A_startup_2p5,300,2,cable_tension_boundary,N,9.972981568256041e-06,0.058463516752014145,False
A_startup_2p5,300,2,reverse_flow_boundary,m^3/s,1e-13,0,False
A_startup_2p5,300,3,phase_boundary,rad,0.27056237794066185,2.480406887120922,False
A_startup_2p5,300,3,50mm_limit,m,0.0820182968474342,23.920289202065526,False
A_startup_2p5,300,3,sphere_limit,m^3,0.0001656119644932808,23.701273610716868,False
A_startup_2p5,300,3,extension_boundary,m,9.99999995370915e-07,0.33136644026361367,False
A_startup_2p5,300,3,speed_envelope_boundary,rad/s,4.3714690136614145,19.201713131032868,False
A_startup_2p5,300,3,cable_tension_boundary,N,9.972981568256041e-06,0.058463516752014145,False
A_startup_2p5,300,3,reverse_flow_boundary,m^3/s,1e-13,0,False
A_startup_3,300,2,phase_boundary,rad,0.32797837908447924,3.042871209401209,False
A_startup_3,300,2,50mm_limit,m,0.08201844402331825,25.158080640819822,False
A_startup_3,300,2,sphere_limit,m^3,0.00016561196450508463,23.847959657039116,False
A_startup_3,300,2,extension_boundary,m,9.99999995370915e-07,0.33136644026361367,False
A_startup_3,300,2,speed_envelope_boundary,rad/s,4.378492345726478,19.55844405143353,False
A_startup_3,300,2,cable_tension_boundary,N,9.972981568256041e-06,0.058463516752014145,False
A_startup_3,300,2,reverse_flow_boundary,m^3/s,1e-13,0,False
A_startup_3,300,3,phase_boundary,rad,0.30576262630147344,2.9731750783659443,False
A_startup_3,300,3,50mm_limit,m,0.08201829685290433,24.705810339634162,False
A_startup_3,300,3,sphere_limit,m^3,0.0001656119644932818,23.94044533924245,False
A_startup_3,300,3,extension_boundary,m,9.99999995370915e-07,0.33136644026361367,False
A_startup_3,300,3,speed_envelope_boundary,rad/s,4.371465525991766,19.43910283768861,False
A_startup_3,300,3,cable_tension_boundary,N,9.972981568256041e-06,0.058463516752014145,False
A_startup_3,300,3,reverse_flow_boundary,m^3/s,1e-13,0,False
B_guard_localised,300,2,phase_boundary,rad,0.25628883077815967,2.0636116918422314,False
B_guard_localised,300,2,50mm_limit,m,0.08213382536817881,23.345092895997865,False
B_guard_localised,300,2,sphere_limit,m^3,0.00016570406881414728,23.345092895998093,False
B_guard_localised,300,2,extension_boundary,m,9.99999995370915e-07,0.33136644026361367,False
B_guard_localised,300,2,speed_envelope_boundary,rad/s,4.378491379611143,19.084094261174116,False
B_guard_localised,300,2,cable_tension_boundary,N,-8.766425978621521e-12,23.345092895998093,True
B_guard_localised,300,2,reverse_flow_boundary,m^3/s,1e-13,0,False
B_guard_localised,300,3,phase_boundary,rad,0.1995911919177673,1.9956827407873883,False
B_guard_localised,300,3,50mm_limit,m,0.08213374518335811,23.436757753510385,False
B_guard_localised,300,3,sphere_limit,m^3,0.0001657038299176649,23.436757753510612,False
B_guard_localised,300,3,extension_boundary,m,9.99999995370915e-07,0.33136644026361367,False
B_guard_localised,300,3,speed_envelope_boundary,rad/s,4.371467786058561,18.961272334151502,False
B_guard_localised,300,3,cable_tension_boundary,N,-2.744944283130475e-13,23.436757753510612,True
B_guard_localised,300,3,reverse_flow_boundary,m^3/s,1e-13,0,False
B_terminal_0p05,300,1,phase_boundary,rad,0.3714608512279316,1.2107032066518888,False
B_terminal_0p05,300,1,50mm_limit,m,0.08210977331882414,30.10546449961179,False
B_terminal_0p05,300,1,sphere_limit,m^3,0.00016561197116350007,29.987513300577454,False
B_terminal_0p05,300,1,extension_boundary,m,1e-06,0,False
B_terminal_0p05,300,1,speed_envelope_boundary,rad/s,5.089593226127975,1.9791335526507046,False
B_terminal_0p05,300,1,cable_tension_boundary,N,9.997785555929926e-06,30.105464499612243,False
B_terminal_0p05,300,1,reverse_flow_boundary,m^3/s,1e-13,0,False
B_terminal_0p05,300,2,phase_boundary,rad,0.25628883077815967,2.0636116918422314,False
B_terminal_0p05,300,2,50mm_limit,m,0.08205869208266993,23.543201815795964,False
B_terminal_0p05,300,2,sphere_limit,m^3,0.0001656119647062021,23.37049178336151,False
B_terminal_0p05,300,2,extension_boundary,m,9.99999995370915e-07,0.33136644026361367,False
B_terminal_0p05,300,2,speed_envelope_boundary,rad/s,4.378491379611143,19.084094261174116,False
B_terminal_0p05,300,2,cable_tension_boundary,N,9.972981568256041e-06,0.058463516752014145,False
B_terminal_0p05,300,2,reverse_flow_boundary,m^3/s,1e-13,0,False
B_terminal_0p05,300,3,phase_boundary,rad,0.1995911919177673,1.9956827407873883,False
B_terminal_0p05,300,3,50mm_limit,m,0.08205856281216659,23.60183478214025,False
B_terminal_0p05,300,3,sphere_limit,m^3,0.00016561196469396625,23.46203858429484,False
B_terminal_0p05,300,3,extension_boundary,m,9.99999995370915e-07,0.33136644026361367,False
B_terminal_0p05,300,3,speed_envelope_boundary,rad/s,4.371467786058561,18.961272334151502,False
B_terminal_0p05,300,3,cable_tension_boundary,N,9.972981568256041e-06,0.058463516752014145,False
B_terminal_0p05,300,3,reverse_flow_boundary,m^3/s,1e-13,0,False
B_terminal_0p25,300,1,phase_boundary,rad,0.3714608512279316,1.2107032066518888,False
B_terminal_0p25,300,1,50mm_limit,m,0.08217877294326685,29.97494524434486,False
B_terminal_0p25,300,1,sphere_limit,m^3,0.00016561197129476234,29.993357372149415,False
B_terminal_0p25,300,1,extension_boundary,m,1e-06,0,False
B_terminal_0p25,300,1,speed_envelope_boundary,rad/s,5.089593226127975,1.9791335526507046,False
B_terminal_0p25,300,1,cable_tension_boundary,N,9.925144569729225e-06,29.97893652046073,False
B_terminal_0p25,300,1,reverse_flow_boundary,m^3/s,1e-13,0,False
B_terminal_0p25,300,2,phase_boundary,rad,0.25628883077815967,2.0636116918422314,False
B_terminal_0p25,300,2,50mm_limit,m,0.08213382536460123,23.345103510445075,False
B_terminal_0p25,300,2,sphere_limit,m^3,0.00016570404650058428,23.345103510445075,False
B_terminal_0p25,300,2,extension_boundary,m,9.99999995370915e-07,0.33136644026361367,False
B_terminal_0p25,300,2,speed_envelope_boundary,rad/s,4.378491379611143,19.084094261174116,False
B_terminal_0p25,300,2,cable_tension_boundary,N,-0.0003879770876826492,23.345103510445075,True
B_terminal_0p25,300,2,reverse_flow_boundary,m^3/s,1e-13,0,False
B_terminal_0p25,300,3,phase_boundary,rad,0.1995911919177673,1.9956827407873883,False
B_terminal_0p25,300,3,50mm_limit,m,0.0821337451830285,23.436758737341282,False
B_terminal_0p25,300,3,sphere_limit,m^3,0.00016570382784913645,23.436758737341282,False
B_terminal_0p25,300,3,extension_boundary,m,9.99999995370915e-07,0.33136644026361367,False
B_terminal_0p25,300,3,speed_envelope_boundary,rad/s,4.371467786058561,18.961272334151502,False
B_terminal_0p25,300,3,cable_tension_boundary,N,-3.394878332045389e-05,23.436758737341282,True
B_terminal_0p25,300,3,reverse_flow_boundary,m^3/s,1e-13,0,False
C_combined_300,300,2,phase_boundary,rad,0.32797837908447924,3.042871209401209,False
C_combined_300,300,2,50mm_limit,m,0.08205869219557571,23.987682725267586,False
C_combined_300,300,2,sphere_limit,m^3,0.0001656119647062038,23.84801793143251,False
C_combined_300,300,2,extension_boundary,m,9.99999995370915e-07,0.33136644026361367,False
C_combined_300,300,2,speed_envelope_boundary,rad/s,4.378492345726478,19.55844405143353,False
C_combined_300,300,2,cable_tension_boundary,N,9.972981568256041e-06,0.058463516752014145,False
C_combined_300,300,2,reverse_flow_boundary,m^3/s,1e-13,0,False
D_convergence_tight,300,1,phase_boundary,rad,0.27105224687985263,25.948904163735182,False
D_convergence_tight,300,1,50mm_limit,m,0.08152996824358907,26.106201249755465,False
D_convergence_tight,300,1,sphere_limit,m^3,0.00016561193619221086,25.64428328730112,False
D_convergence_tight,300,1,extension_boundary,m,1e-06,0,False
D_convergence_tight,300,1,speed_envelope_boundary,rad/s,5.089610946571263,1.9709023468086808,False
D_convergence_tight,300,1,cable_tension_boundary,N,1e-05,0,False
D_convergence_tight,300,1,reverse_flow_boundary,m^3/s,1e-13,0,False
D_convergence_tight,300,2,phase_boundary,rad,0.2562887266728464,2.0637931327849977,False
D_convergence_tight,300,2,50mm_limit,m,0.08201844402368523,23.836638183187166,False
D_convergence_tight,300,2,sphere_limit,m^3,0.00016561196450508466,23.37043301404264,False
D_convergence_tight,300,2,extension_boundary,m,9.999999999739615e-07,0.32468826954761676,False
D_convergence_tight,300,2,speed_envelope_boundary,rad/s,4.37851160687349,19.082723766778496,False
D_convergence_tight,300,2,cable_tension_boundary,N,9.999640098573213e-06,0.07414422548491709,False
D_convergence_tight,300,2,reverse_flow_boundary,m^3/s,1e-13,0,False
D_convergence_tight,300,3,phase_boundary,rad,0.19959035168195305,1.995834478026276,False
D_convergence_tight,300,3,50mm_limit,m,0.08201829685094461,24.166956767103375,False
D_convergence_tight,300,3,sphere_limit,m^3,0.00016561196449328095,23.46198001672709,False
D_convergence_tight,300,3,extension_boundary,m,9.999999999739615e-07,0.32468826954761676,False
D_convergence_tight,300,3,speed_envelope_boundary,rad/s,4.371485687141733,18.96094028206219,False
D_convergence_tight,300,3,cable_tension_boundary,N,9.999640098573213e-06,0.07414422548491709,False
D_convergence_tight,300,3,reverse_flow_boundary,m^3/s,1e-13,0,False
D_diagnostic_baseline,300,1,phase_boundary,rad,0.27105191716262134,25.94882862222297,False
D_diagnostic_baseline,300,1,50mm_limit,m,0.08152996824440477,26.10704741209458,False
D_diagnostic_baseline,300,1,sphere_limit,m^3,0.00016561193619221893,25.644283287288854,False
D_diagnostic_baseline,300,1,extension_boundary,m,1e-06,0,False
D_diagnostic_baseline,300,1,speed_envelope_boundary,rad/s,5.089593226127975,1.9791335526507046,False
D_diagnostic_baseline,300,1,cable_tension_boundary,N,1e-05,0,False
D_diagnostic_baseline,300,1,reverse_flow_boundary,m^3/s,1e-13,0,False
D_diagnostic_baseline,300,2,phase_boundary,rad,0.25628883077815967,2.0636116918422314,False
D_diagnostic_baseline,300,2,50mm_limit,m,0.08201844402067689,24.681530580015597,False
D_diagnostic_baseline,300,2,sphere_limit,m^3,0.00016561196450508495,23.370433555150058,False
D_diagnostic_baseline,300,2,extension_boundary,m,9.99999995370915e-07,0.33136644026361367,False
D_diagnostic_baseline,300,2,speed_envelope_boundary,rad/s,4.378491379611143,19.084094261174116,False
D_diagnostic_baseline,300,2,cable_tension_boundary,N,9.972981568256041e-06,0.058463516752014145,False
D_diagnostic_baseline,300,2,reverse_flow_boundary,m^3/s,1e-13,0,False
D_diagnostic_baseline,300,3,phase_boundary,rad,0.1995911919177673,1.9956827407873883,False
D_diagnostic_baseline,300,3,50mm_limit,m,0.08201829684797501,24.791641065758768,False
D_diagnostic_baseline,300,3,sphere_limit,m^3,0.00016561196449328032,23.461980544996944,False
D_diagnostic_baseline,300,3,extension_boundary,m,9.99999995370915e-07,0.33136644026361367,False
D_diagnostic_baseline,300,3,speed_envelope_boundary,rad/s,4.371467786058561,18.961272334151502,False
D_diagnostic_baseline,300,3,cable_tension_boundary,N,9.972981568256041e-06,0.058463516752014145,False
D_diagnostic_baseline,300,3,reverse_flow_boundary,m^3/s,1e-13,0,False
FINAL_convergence_tight,300,2,phase_boundary,rad,0.32797885605984956,3.042991336268917,False
FINAL_convergence_tight,300,2,50mm_limit,m,0.08205869201859392,25.06160491183725,False
FINAL_convergence_tight,300,2,sphere_limit,m^3,0.00016561196470614496,23.8480174267621,False
FINAL_convergence_tight,300,2,extension_boundary,m,9.999999999739615e-07,0.32468826954761676,False
FINAL_convergence_tight,300,2,speed_envelope_boundary,rad/s,4.378511583990045,19.560299133745804,False
FINAL_convergence_tight,300,2,cable_tension_boundary,N,9.999640098573213e-06,0.07414422548491709,False
FINAL_convergence_tight,300,2,reverse_flow_boundary,m^3/s,1e-13,0,False
FINAL_selected,200,2,phase_boundary,rad,0.32797837908447924,3.042871209401209,False
FINAL_selected,200,2,50mm_limit,m,0.11253215355835693,17.419187786092508,False
FINAL_selected,200,2,sphere_limit,m^3,0.00026561196465825856,17.20363026772741,False
FINAL_selected,200,2,extension_boundary,m,9.99999995370915e-07,0.33136644026361367,False
FINAL_selected,200,2,speed_envelope_boundary,rad/s,4.749412007177185,12.854809948751377,False
FINAL_selected,200,2,cable_tension_boundary,N,9.972981568256041e-06,0.058463516752014145,False
FINAL_selected,200,2,reverse_flow_boundary,m^3/s,1e-13,0,False
FINAL_selected,300,2,phase_boundary,rad,0.32797837908447924,3.042871209401209,False
FINAL_selected,300,2,50mm_limit,m,0.08205869219557571,23.987682725267586,False
FINAL_selected,300,2,sphere_limit,m^3,0.0001656119647062038,23.84801793143251,False
FINAL_selected,300,2,extension_boundary,m,9.99999995370915e-07,0.33136644026361367,False
FINAL_selected,300,2,speed_envelope_boundary,rad/s,4.378492345726478,19.55844405143353,False
FINAL_selected,300,2,cable_tension_boundary,N,9.972981568256041e-06,0.058463516752014145,False
FINAL_selected,300,2,reverse_flow_boundary,m^3/s,1e-13,0,False
FINAL_selected,400,2,phase_boundary,rad,0.32797837908447924,3.042871209401209,False
FINAL_selected,400,2,50mm_limit,m,0.04078785400599881,31.784181650461612,False
FINAL_selected,400,2,sphere_limit,m^3,6.561196480587201e-05,30.469430330708164,False
FINAL_selected,400,2,extension_boundary,m,9.99999995370915e-07,0.33136644026361367,False
FINAL_selected,400,2,speed_envelope_boundary,rad/s,3.6530231805898197,26.31631004028948,False
FINAL_selected,400,2,cable_tension_boundary,N,9.972981568256041e-06,0.058463516752014145,False
FINAL_selected,400,2,reverse_flow_boundary,m^3/s,1e-13,0,False
FINAL_verified,200,2,phase_boundary,rad,0.32797837908447924,3.042871209401209,False
FINAL_verified,200,2,50mm_limit,m,0.11253215352866816,17.337273339189466,False
FINAL_verified,200,2,sphere_limit,m^3,0.0002656119646582514,17.203630178024557,False
FINAL_verified,200,2,extension_boundary,m,9.99999995370915e-07,0.33136644026361367,False
FINAL_verified,200,2,speed_envelope_boundary,rad/s,4.749407588385626,12.856245963044133,False
FINAL_verified,200,2,cable_tension_boundary,N,9.972981568256041e-06,0.058463516752014145,False
FINAL_verified,200,2,reverse_flow_boundary,m^3/s,1e-13,0,False
FINAL_verified,300,2,phase_boundary,rad,0.32797837908447924,3.042871209401209,False
FINAL_verified,300,2,50mm_limit,m,0.08205869194543292,24.00225904449558,False
FINAL_verified,300,2,sphere_limit,m^3,0.00016561196470619887,23.848017891853022,False
FINAL_verified,300,2,extension_boundary,m,9.99999995370915e-07,0.33136644026361367,False
FINAL_verified,300,2,speed_envelope_boundary,rad/s,4.37849402124255,19.55917110533054,False
FINAL_verified,300,2,cable_tension_boundary,N,9.972981568256041e-06,0.058463516752014145,False
FINAL_verified,300,2,reverse_flow_boundary,m^3/s,1e-13,0,False
FINAL_verified,400,2,phase_boundary,rad,0.32797837908447924,3.042871209401209,False
FINAL_verified,400,2,50mm_limit,m,0.04078785420396071,31.772579587214263,False
FINAL_verified,400,2,sphere_limit,m^3,6.561196480586242e-05,30.46943037275143,False
FINAL_verified,400,2,extension_boundary,m,9.99999995370915e-07,0.33136644026361367,False
FINAL_verified,400,2,speed_envelope_boundary,rad/s,3.6530204231846883,26.313056860982652,False
FINAL_verified,400,2,cable_tension_boundary,N,9.972981568256041e-06,0.058463516752014145,False
FINAL_verified,400,2,reverse_flow_boundary,m^3/s,1e-13,0,False
FINAL_verified_tight,300,2,phase_boundary,rad,0.32797885605984956,3.042991336268917,False
FINAL_verified_tight,300,2,50mm_limit,m,0.0820586920170314,24.764738310426118,False
FINAL_verified_tight,300,2,sphere_limit,m^3,0.00016561196470625696,23.848017426568536,False
FINAL_verified_tight,300,2,extension_boundary,m,9.999999999739615e-07,0.32468826954761676,False
FINAL_verified_tight,300,2,speed_envelope_boundary,rad/s,4.378511574033671,19.56012818769684,False
FINAL_verified_tight,300,2,cable_tension_boundary,N,9.999640098573213e-06,0.07414422548491709,False
FINAL_verified_tight,300,2,reverse_flow_boundary,m^3/s,1e-13,0,False
