block,name,value_text,unit,status,source,note
plant,V0,"0.00050000000000000001",m^3,given,user / design,"Initial bladder water 500 mL."
plant,Dref_outer,"0.070000000000000007",m,given,user / mould drawing,"Natural (unpressurised) OUTER diameter 70 mm."
plant,Dref_inner,"0.066000000000000003",m,given,user / mould drawing,"Natural INNER diameter 66 mm. The 2 mm per-side wall implied by 70-66 is the MOULD wall thickness; it is not the wall thickness once the bladder is filled."
plant,Dmin,"0.050000000000000003",m,given,user / design,"Minimum allowed bladder outer diameter 50 mm. A domain guard, not a plant coefficient."
plant,cable_gap,"0.0030000000000000001",m,given,user / design,"Radial clearance from the cable to the bladder outer wall, 3 mm. Enters the geometry through D0/L0/xmax, not the ROM3 right-hand side directly."
plant,material,"Ecoflex 00-20",-,metadata,user confirmed,"Ecoflex 00-20."
plant,material_confirmed_by_user,"true",-,metadata,user confirmed,"Material identity confirmed; its constants are still not measured on this build."
plant,stress100,"55158.058345343998",Pa,given,material datasheet,"Stress at 100% elongation, used to set the Neo-Hookean mu."
plant,rho,"1000",kg/m^3,given,water at room temperature,""
plant,gravity,"9.8100000000000005",m/s^2,given,standard,""
plant,water_viscosity,"0.001",Pa*s,given,water at room temperature,""
plant,pipe_diameter,"0.0040000000000000001",m,given,user / tubing spec,"4 mm internal bore."
plant,pipe_segments,"0.029999999999999999; 0.029999999999999999; 0.29999999999999999",m,given,user / rig layout,"0.03 + 0.03 + 0.30 m."
plant,head,"0.10000000000000001",m,given,user / rig layout,"Bladder outlet is +0.10 m ABOVE the final outlet, so rho*g*h = +981 Pa ASSISTS the flow. The old snapshot value -0.1 is overridden at load time."
plant,shaft_diameter,"0.0050000000000000001",m,given,user / motor spec,"5 mm bare shaft."
plant,effective_radius,"0.0025000000000000001",m,given,user / motor spec,"Bare winding radius 0.0025 m."
plant,mass_equivalent,"0.5",kg,assumption,modeller,"Non-motor equivalent translating mass 0.5 kg. Not measured."
plant,damping,"20",N*s/m,assumption,modeller,"20 N*s/m. Not identified."
plant,friction,"0.10000000000000001",N,assumption,modeller,"0.1 N Coulomb level. Not identified."
plant,friction_velocity,"1.0000000000000001e-05",m/s,assumption,modeller,"1e-5 m/s regularisation velocity for the tanh friction law. Numerical, not physical."
plant,force_max,"15",N,legacy,old fixture limit,"15 N. A LEGACY force-fixture limit. It is NOT the motor capability bound for this stage and must never be substituted for the torque-phase model."
plant,contact_stiffness,"200000",N/m,assumption,modeller,"2e5 N/m button-to-bladder contact stiffness. Not identified."
plant,Rh,"1644008304.5256217",Pa*s/m^3,given,bench effective resistance,"BENCH EFFECTIVE RESISTANCE of the whole waterway at low flow: tube, valve, flowmeter and fittings lumped together. It is NOT a 4 mm outlet resistance and not an identified valve curve. Stage 9 uses it exactly as supplied and does not re-derive or re-check its calibration basis."
plant,force_ramp,"1",s,legacy,old fixture ramp,"Not used by Stage 9."
plant,time_horizon,"3600",s,solver,Stage-8 reference,""
plant,rtol,"2e-08",-,solver,Stage-8 reference,""
plant,atol,"1.9999999999999999e-11; 2.0000000000000001e-10; 2.0000000000000001e-13; 2.0000000000000001e-13; 1.9999999999999999e-11",-,solver,Stage-8 reference,""
plant,max_step,"5",s,solver,Stage-8 reference,""
plant,pressure_reference,"lumped bladder outlet gauge pressure",-,metadata,modeller,"Lumped bladder-outlet gauge pressure."
plant,mu,"31518.890483053714",Pa,derived,from stress100,"Neo-Hookean shear modulus. Datasheet-derived, not measured on the actual bladder."
plant,Vsilicone,"2.9061826440808009e-05",m^3,derived,shell volume from Dref_outer/Dref_inner,"Silicone shell volume, added to the water volume before the equivalent sphere diameter is taken."
plant,Vnatural,"0.00015053255358940854",m^3,derived,from Dref_inner,"Natural internal cavity volume. Below it the spherical-shell extrapolation is unvalidated."
plant,D0,"0.10034658601199008",m,derived,equivalent sphere at V0,"Outer diameter at the initial 500 mL, 0.10034658601199008 m. y = pi*(D0-D(V)) is the cable coordinate."
plant,L0,"0.3340976533496231",m,derived,cable path at V0,"Reference cable length."
plant,xmax,"0.15816846474859467",m,derived,cable travel guard,"Travel limit used by the full reference model guards."
plant,Vmin,"3.6388020508979353e-05",m^3,derived,sphere at Dmin,"Water volume at the 50 mm minimum outer diameter, 36.388 mL. Domain guard."
plant,pipe_length,"0.35999999999999999",m,derived,sum(pipe_segments),"0.36 m of straight tube."
plant,pipe_area,"1.2566370614359172e-05",m^2,derived,pi*d^2/4,""
plant,R_tube,"57295779.513082303",Pa*s/m^3,derived,128*mu_w*L/(pi*d^4),"Theoretical laminar straight-tube resistance. Already CONTAINED in Rh, which is why alba9_loss subtracts it before adding the Darcy branch."
plant,I_tube,"28647889.756541163",Pa*s^2/m^3,derived,rho*L/A,"Hydraulic inertance of the known straight tube."
plant,tube_volume,"4.5238934211693013e-06",m^3,derived,pipe_area*pipe_length,"4.5239 mL of primed tube water."
plant,cage_mass,"0.27000000000000002",kg,given,user / design,"Hoberman sphere mass 0.270 kg."
plant,support_fraction,"1",-,assumption,modeller,"1.0: the bladder carries the cage entirely."
plant,gravity_height_slope,"1",-,assumption,modeller,"Conditional centroid-height law. pg already accounts for the cage weight; do NOT add a separate self-weight term."
plant,selfweight_model,"conditional centroid-height law",-,metadata,modeller,"Name of the above law."
plant,initial_contact_fact,"top button always contacts bladder",-,metadata,user confirmed,"The top button is always in contact with the bladder."
plant,water_column_primed_assumption,"true",-,assumption,modeller,"Tubing is primed and bubble-free at t = 0."
plant,quadratic_loss,"0",Pa*s^2/m^6,assumption,disabled,"Zero. Not identified. Zero does not prove the hardware has no local nonlinear loss."
hydraulic,version,"0.1-conditional-reference",-,metadata,Stage-8,"Conditional reference, version tag."
hydraulic,hydraulic_inertia_scale,"1",-,assumption,modeller,"1.0."
hydraulic,nonlinear_pipe,"true",-,assumption,modeller,"Darcy branch enabled above Re_laminar."
hydraulic,pipe_absolute_roughness_m,"0",m,assumption,smooth-pipe assumption,"Zero. A smooth-pipe assumption, not a measured roughness."
hydraulic,Re_laminar,"2000",-,assumption,engineering threshold,"2000. Not a measured transition for this rig."
hydraulic,Re_turbulent,"4000",-,assumption,engineering threshold,"4000. Cubic smooth blending between the two, also an assumption."
hydraulic,additional_component_K_Pa_s2_m6,"0",Pa*s^2/m^6,assumption,disabled,"Zero and unauthorised. Stage 9 does not add any unidentified valve or flowmeter nonlinear coefficient."
hydraulic,additional_component_K_authorized,"false",-,metadata,Stage-8,"false."
hydraulic,material_relaxation_enabled,"false",-,metadata,Stage-8,"false; no invented Ecoflex relaxation constants."
hydraulic,valve_scope,"fully open; stop at a closing command, do not invent closure transients",-,metadata,Stage-8,"Fully open; stop at a closing command."
hydraulic,fluid_scope,"primed, bubble-free, rigid constant-bore tubing; forward liquid flow only",-,metadata,Stage-8,"Primed, bubble-free, rigid bore, forward liquid flow only."
hydraulic,inertia_source,"rho * sum(L_i/A_i), known straight tubes only; excludes unknown component inertance",-,metadata,Stage-8,""
hydraulic,roughness_source,"smooth-pipe assumption, not a measured roughness",-,metadata,Stage-8,""
hydraulic,transition_source,"engineering 2000/4000 thresholds with cubic smooth blending, not measured transition",-,metadata,Stage-8,""
hydraulic,component_loss_source,"Rh_loaded minus calculated laminar straight-tube resistance; lumped residual, not an identified valve curve",-,metadata,Stage-8,""
hydraulic,additional_component_K_source,"not identified; disabled, zero does not prove no local nonlinear loss",-,metadata,Stage-8,""
hydraulic,material_relaxation_source,"not identified; no invented Ecoflex relaxation constants",-,metadata,Stage-8,"Not identified; no Ecoflex relaxation constants were invented."
hydraulic,experimental_hardware_validation,"false",-,metadata,Stage-8,"false."
hydraulic,pipe_area_m2,"1.2566370614359172e-05",m^2,derived,pi*d^2/4,""
hydraulic,pipe_length_m,"0.35999999999999999",m,derived,sum of straight segments,"0.36 m."
hydraulic,R_pipe_laminar_Pa_s_m3,"57295779.513082303",Pa*s/m^3,derived,128*mu_w*L/(pi*d^4),"Contained inside Rh. Subtracted before the Darcy branch is added, so the laminar tube loss is never counted twice."
hydraulic,R_residual_Pa_s_m3,"1586712525.0125394",Pa*s/m^3,derived,Rh - R_pipe_laminar,"Lumped remainder (valve, flowmeter, fittings, and any absorbed bias). A conditional decomposition of a fitted total, NOT an independently measured component resistance."
hydraulic,Ih_Pa_s2_m3,"28647889.756541163",Pa*s^2/m^3,derived,rho*L/A,"Known straight-tube inertance only. Excludes unknown component inertance."
hydraulic,linear_hydraulic_time_constant_s,"0.01742563567208227",s,derived,Ih/Rh,""
stage8_rom,motor_radius_m,"0.0025000000000000001",m,given,user / motor spec,"Bare shaft winding radius."
stage8_rom,steps_per_rev,"3200",STEP/rev,given,simulation setting,"Simulation uses 3200 STEP/rev. Stored as int64 in the MAT; must be cast to double before arithmetic."
stage8_rom,ku,"4.9087385212340526e-06",m/STEP,derived,2*pi*r/steps_per_rev,"Cable taken up per commanded step."
stage8_rom,stiffness_coefficients,"1.8439040008460696; 0; 0; -0.22212570582595889; 0.24998011350468885; -0.14324395812222043",-,learned,frozen Stage-8 SINDy,"Read from the MAT at full precision. Never retyped, never refitted in Stage 9."
stage8_rom,stiffness_powers,"0; 1; 2; 3; 4; 6",-,learned,frozen Stage-8 SINDy,"Stored as int64 in the MAT; must be cast to double before use as an exponent."
stage8_rom,audited_force_range,"0 to 118",N,learned,frozen Stage-8 audit,"The range over which the LEARNED stiffness was checked positive. It is NOT a motor force limit and NOT a force saturation in the model. Exceeding it means the ROM is being used outside its audited domain, not that the hardware saturated."
