"path","status","v2_sha256","v3_sha256"
"ALBA_Stage8_Results.mat","unchanged","547170400466C726601D6B03F8B4970B239E920263FAAA8F9A7F5C9E880C5B3F","547170400466C726601D6B03F8B4970B239E920263FAAA8F9A7F5C9E880C5B3F"
"alba9_check_ode.m","unchanged","DF002A850174884D0C7CA7F3835FFC261E9BB71F009E3E216A32771DEB26F02E","DF002A850174884D0C7CA7F3835FFC261E9BB71F009E3E216A32771DEB26F02E"
"alba9_compare.m","unchanged","5562D43D686CB5A95836571503EEB4494B8D536684F2567397AD4471379E35AF","5562D43D686CB5A95836571503EEB4494B8D536684F2567397AD4471379E35AF"
"alba9_const.m","unchanged","255684D19BB487D5942A2E6F8FD71DA9A2D6C51557A7543D13553B74001F4485","255684D19BB487D5942A2E6F8FD71DA9A2D6C51557A7543D13553B74001F4485"
"alba9_controller.m","modified","F5807835236683227126D055654572262AC5B4E14F0CF8789391BE79872A7389","D3763D6937E8A34613FF5C7D8E075EE3672B805EA7ED1824C480C97D7EA23411"
"alba9_diagnose.m","unchanged","629D0FDC3C31AFB8AB1CB71064B891D3132203B9F1C84AC91ADEFBB70C8CD615","629D0FDC3C31AFB8AB1CB71064B891D3132203B9F1C84AC91ADEFBB70C8CD615"
"alba9_export_csv.m","unchanged","466AADAA2AEF689D94FC1083757D05AE0F81462145D9251FEF91C079D4A94800","466AADAA2AEF689D94FC1083757D05AE0F81462145D9251FEF91C079D4A94800"
"alba9_export_json.m","unchanged","D4ED5DAA2B737E11EECA815496EF1A4C031943388EAE9DA20297CF4D91A5EE6C","D4ED5DAA2B737E11EECA815496EF1A4C031943388EAE9DA20297CF4D91A5EE6C"
"alba9_geometry.m","unchanged","912A0103389381D640466A30EC568B21651BBC0C7F2CC68DB05E4653740D3D21","912A0103389381D640466A30EC568B21651BBC0C7F2CC68DB05E4653740D3D21"
"alba9_hydraulic_annotations.m","unchanged","D360DD8B5424133DA34628F0F16F9698D5F786814381C3413C433C927DBFFBC2","D360DD8B5424133DA34628F0F16F9698D5F786814381C3413C433C927DBFFBC2"
"alba9_log_index.m","unchanged","E9C0E43D5DF21C4453CEA2BE074E870B09C0EFCCC7B9C186EEFADD5ED3E440A0","E9C0E43D5DF21C4453CEA2BE074E870B09C0EFCCC7B9C186EEFADD5ED3E440A0"
"alba9_loss.m","unchanged","7350B644FCED0949B5E757F10684F30498A11DD620D66E80A6EE764E78DE729F","7350B644FCED0949B5E757F10684F30498A11DD620D66E80A6EE764E78DE729F"
"alba9_make_params.m","unchanged","0024C14AAFAD48DED2A05844E772E6160E7B9C2FA58AF5702D2E28092D4AF94F","0024C14AAFAD48DED2A05844E772E6160E7B9C2FA58AF5702D2E28092D4AF94F"
"alba9_param_annotations.m","unchanged","75039579CAEF20ADFCD54CDCA9A8D207205EF72864D0647C8D3338850CBC0C4E","75039579CAEF20ADFCD54CDCA9A8D207205EF72864D0647C8D3338850CBC0C4E"
"alba9_param_table.m","unchanged","026728EB90682653FD4A9E6DE74EE4BE29E5B4D5F2F2A84BB13E94099409165F","026728EB90682653FD4A9E6DE74EE4BE29E5B4D5F2F2A84BB13E94099409165F"
"alba9_params.mat","unchanged","432724060E8C468028C514DA2769CE1D34D7DA3FB950D4A54EE36E453C5DD144","432724060E8C468028C514DA2769CE1D34D7DA3FB950D4A54EE36E453C5DD144"
"alba9_plant.m","unchanged","175BF63DC98CA103B8CD61E3CC64A002228216E5381BFED6871FFEB402DD2060","175BF63DC98CA103B8CD61E3CC64A002228216E5381BFED6871FFEB402DD2060"
"alba9_plot.m","unchanged","AAD98EB654178DD32D557233F04CFC014E5F36D3960C29659C40F18B838B298E","AAD98EB654178DD32D557233F04CFC014E5F36D3960C29659C40F18B838B298E"
"alba9_reference.m","unchanged","E10D038B6CEC59866DBD69BE9ADD06E9F33983BC33DE0E315FF4B52C48D831BF","E10D038B6CEC59866DBD69BE9ADD06E9F33983BC33DE0E315FF4B52C48D831BF"
"alba9_scenario.m","modified","8FF78A1125A9ED33DC217AFE80449E12673ED956D2860400AF6A1EF9E9780197","6DC91CDD6CEA9EF5C6BA327AFB91E370D6A0B979D37F6BF77BBEF38C4FBC5422"
"alba9_summary_json.m","unchanged","BD566FB5EE923A43EA5EAAA14B4D0740444EDE6B56FB53D9F149BF26C25ED1F3","BD566FB5EE923A43EA5EAAA14B4D0740444EDE6B56FB53D9F149BF26C25ED1F3"
"alba9_tail.m","modified","49DFDFCF2DB90A7D19AA8E5468B2582143B34033E1FC480BD6C51408EC7C355B","0B03CF6A54A25A0C1EEC38269BFDD527B8D948E5CD6279A1454C6AD168A74FE4"
"alba9v3_diagnose.m","new","","EFF07073E75BA4818E2834DC5BF8BA4AA8E866E13DDB1012AC900C2EFEB2D190"
"alba9v3_extend_model.m","new","","5F3E0CD7A77AF885D5D0E343CF667D5A49A08D3559E44C5C4534128E016C79FD"
"build_alba9_model.m","unchanged","81A7BB6FDCC7226C8507129A4A90208D2587E26FE36C1437959A554A56D741BD","81A7BB6FDCC7226C8507129A4A90208D2587E26FE36C1437959A554A56D741BD"
"CHANGELOG_v3.md","new","","A3C0046A9C68CCE3B16DC78224A40F2A93F6B4CB0269DF0E23519D1B42E4BFA6"
"manifest.json","unchanged","3AB8F1B3E7A44D4BFBEC699C37D1A9EBDC7947288965F1E371D1ACE117CE6A5F","3AB8F1B3E7A44D4BFBEC699C37D1A9EBDC7947288965F1E371D1ACE117CE6A5F"
"parameter_consistency.json","unchanged","3B32A565A0F916F7ED12F39CB2C0A3B3BF5FF2C7B0B6862F5DDFCDAC88F06B96","3B32A565A0F916F7ED12F39CB2C0A3B3BF5FF2C7B0B6862F5DDFCDAC88F06B96"
"parameter_table.md","unchanged","18392570C0017042A5C2F029E94429C9C8934C3C0A5D094DD4990F8BC0C1D1A4","18392570C0017042A5C2F029E94429C9C8934C3C0A5D094DD4990F8BC0C1D1A4"
"README_v3.md","new","","47D53A09D4CA7F1F76053C7BAC6CD2A3A9AEC8AFAA3ED8DF92D7614E91D178C6"
"README.md","modified","2A11427D5F04B7CCCF472F181C08A468C2EEA864DF5576162413E13A50ED26D2","66A3D94DB69602477CD7AC78DDE25818BDB5CDFCD11EC78D5304945127B4BB4A"
"rebuild_all.m","unchanged","D876098DECD7B463DE6DE99A94FE7C38FB37E4847BB7D3B73954DAB1E782CEDA","D876098DECD7B463DE6DE99A94FE7C38FB37E4847BB7D3B73954DAB1E782CEDA"
"rebuild_v3.m","new","","C35CB14CFA4692C9B0B275678006A77CDFA71D1CDB10397BCAA523AB7028C1CE"
"REPORT_A_program_fixes.md","modified","BF1BB450FA537CF9A8084E9D55BC3B05B177004B1874B0D0C6D92BD998200BF3","41C3EF7DD9D6CA4D82C8E92A1E27041C27ADFAA2D4C48274E71AB009FBD0A315"
"REPORT_B_full_reference.md","modified","74554E1A5C02E4B6E856257EEEE8E460962A74799BCBF02353467EC687474F95","F6DADCD50F5C10CF85A162DB3436336B6164253C5EA77208756574D119C1ADF8"
"REPORT_v3.md","new","","937430DFD68AE08072A9215E8600A187D8E0C67C69532B0F29042E63EB84CECD"
"run_alba9.m","unchanged","0AA7728CC4E290B08764C63DDF114D1787090A5F4A55A386C3ABF85A02DEC1DF","0AA7728CC4E290B08764C63DDF114D1787090A5F4A55A386C3ABF85A02DEC1DF"
"run_v3_case.m","new","","8066681A0CC802E2A8C08C040C72CE9B995E72D878BE17CF5451D2671BD8750A"
"run_v3_final_validation.m","new","","51983DD6115E2AB6D59E0169F50F97A81D836A50AE223719C593AE53F23FAFB7"
"run_v3_optimisation_screen.m","new","","3B031215EBD196D88BB05026203185E910582270B556C63033661D291CA71193"
"stage9_v2_summary.json","unchanged","E96EE5F758965A8AF2B5BEA887903E0996BFD6B634BC7A74F31D47BC6786A0C3","E96EE5F758965A8AF2B5BEA887903E0996BFD6B634BC7A74F31D47BC6786A0C3"
"v3_classify_status.m","new","","D99C208DC1EC17E5E1396EC6610F973971F2D6C7F040D8250B31C3834499B813"
"v3_deliver.py","new","","A121AD239B78472396AD5D218BB0B064C0947A90B3548F21FB041C65DE4F9E54"
"v3_export_csv.m","new","","0F3DE93CF26905EC7E05EC4458A5AAD6C4590EA5E66B8AAFE95F62B9A7335231"
"v3_post.py","new","","1BC9CBCA3A7F85F97E68F4A4E217A63B6F533B515460AD4EB7D5FC8D8E5CC302"
"v3_prepare.m","new","","621700D0F7C9C0403FFDCDC7B6171F66E0B8B714B1EFA5CC7344EA905F1EC7B8"
"v3_refresh_diagnostics.m","new","","B2B0ABDD549E45B3FD116A534578B1BD3E4EA531CFD2B8B6D96F35210DAB7FB4"
"v3_unit_tests.m","new","","E03CECDE9E4890B04BA1FE5B86C2785287773CEDEEF42D8ECCF0D0765EAC0A1E"
"v3_verify_points.m","new","","69FAF988A8F0A804756292DDD14B77C7A558B9294C5E719C278691105F0892D6"
"v3_verify.py","new","","EE5DD66D563324AC2B63EBC19731F63C86C164ADF6F96FB61C97480D438BA14E"
"v3_write_json.m","new","","E39715F19FAF85E13057EBC8F24371AC12072B5100EE2F9BC4204587A4B21055"
"stage8_matlab_fix\README_修复说明.md","unchanged","CB3ABD2C1366ABBE17783B95F9BF2BD7A05CE6140B4C43B394879F606AC5395C","CB3ABD2C1366ABBE17783B95F9BF2BD7A05CE6140B4C43B394879F606AC5395C"
"stage8_matlab_fix\rom3_rhs.m","unchanged","56514197ED68305C66CB5B95CD6FA91F9BD2025C5868E90758A491518594DBD2","56514197ED68305C66CB5B95CD6FA91F9BD2025C5868E90758A491518594DBD2"
"stage9b_port\alba9b_const.m","unchanged","ADDF696DD28C9397E8F22FDA2CD7FD01CA2FBB8D7396A9F2D29DB943A44E703F","ADDF696DD28C9397E8F22FDA2CD7FD01CA2FBB8D7396A9F2D29DB943A44E703F"
"stage9b_port\alba9b_diagnose.m","unchanged","3059483A43702DE26BB6F370671065922648653742BB1AD5AF18F013B4E99D00","3059483A43702DE26BB6F370671065922648653742BB1AD5AF18F013B4E99D00"
"stage9b_port\alba9b_geometry.m","unchanged","33E791B726E89B9ACB1EC4F3A8F59102A0A940FAFC6B1F0B6B9A4B6EA3AF8247","33E791B726E89B9ACB1EC4F3A8F59102A0A940FAFC6B1F0B6B9A4B6EA3AF8247"
"stage9b_port\alba9b_guard_names.m","unchanged","E62B03F4E4E37FAB007F212F7936D3B2F31305373026D5E7C930B5CBCA4EBDF0","E62B03F4E4E37FAB007F212F7936D3B2F31305373026D5E7C930B5CBCA4EBDF0"
"stage9b_port\alba9b_guards.m","unchanged","068380DD84C7123667DE49F247012590E05D4D738A8C19C619E1C79699C72793","068380DD84C7123667DE49F247012590E05D4D738A8C19C619E1C79699C72793"
"stage9b_port\alba9b_log_index.m","modified","F0D4D14E6ADC126362B744404E823FD13DBC8EF2B32896F5ED9B9687E05B1BD0","5C353083F417D3D41980AF23C3182848BB2D9392DECEE876D3E5604BA98924D5"
"stage9b_port\alba9b_loss.m","unchanged","06F6872496DB3ECE3090118FFC30B9CD423663A2CCF4EB908691CCEC20F8DAC9","06F6872496DB3ECE3090118FFC30B9CD423663A2CCF4EB908691CCEC20F8DAC9"
"stage9b_port\alba9b_make_const.m","unchanged","421A81124CFEE0FD9F56C6834AA665E2111FABB1BB3C0B0C6E9213CC8F9ED68E","421A81124CFEE0FD9F56C6834AA665E2111FABB1BB3C0B0C6E9213CC8F9ED68E"
"stage9b_port\alba9b_plant_block.m","modified","2EB822220E58DF0CA3DD0AC2F239B4C3937DE2D52229225BBE0D8C761274F66C","AA7086834A176AA9413741842FBA267A4B00D04874B50DC3E4618A6DDE08C4C8"
"stage9b_port\alba9b_plot.m","unchanged","58447A55BE47FA5F3206A6D9DC9E258C30081E4055D241A335338F2F97EF81F8","58447A55BE47FA5F3206A6D9DC9E258C30081E4055D241A335338F2F97EF81F8"
"stage9b_port\alba9b_ref_jac.m","unchanged","777724B54CC10C2F0098A0DB75F846191E53483C381E01AF375674A89522E83E","777724B54CC10C2F0098A0DB75F846191E53483C381E01AF375674A89522E83E"
"stage9b_port\alba9b_ref_obs.m","unchanged","5051AF38A54675AD3A223D7EB8FB91E6A2F3EC56FA81D1E3EDFDCFEEF30E7FE8","5051AF38A54675AD3A223D7EB8FB91E6A2F3EC56FA81D1E3EDFDCFEEF30E7FE8"
"stage9b_port\alba9b_ref_rhs.m","unchanged","D436ED47D8DE401AFA8E08DBA659F9B24B1A599C81D3E66F440C810F0513F845","D436ED47D8DE401AFA8E08DBA659F9B24B1A599C81D3E66F440C810F0513F845"
"stage9b_port\alba9b_verify_port.m","unchanged","3DB54C09921685B407617E19AB04EA50819017A2DE1DBC1CC1DF18A2B4E7235E","3DB54C09921685B407617E19AB04EA50819017A2DE1DBC1CC1DF18A2B4E7235E"
"stage9b_port\build_alba9b_model.m","modified","CE9E02742BFA8448D04A7AFB3BDBC6A707565FFD04A2BF8C686F891D1BB1E12D","A47FF0708D7FE09877101BDA1A4ADDDFC310E23992E31B24239A4D762CF0A0BB"
"stage9b_port\dump_reference_points.py","unchanged","34CCC634B0F19C22AB6884EFDCB4566917DC3BE2AC73DCD9368CC672F871FD27","34CCC634B0F19C22AB6884EFDCB4566917DC3BE2AC73DCD9368CC672F871FD27"
"stage9b_port\port_verification.json","unchanged","A2246C79A83251A548CF89A92E977339F3FEFE97A0DE6EED00F64A424D064D57","A2246C79A83251A548CF89A92E977339F3FEFE97A0DE6EED00F64A424D064D57"
"stage9b_port\reference_points.json","unchanged","6390E450940EB9FD014D8DA1C8A29812362448F54F1655A27D9D9B151D1C2048","6390E450940EB9FD014D8DA1C8A29812362448F54F1655A27D9D9B151D1C2048"
"stage9b_port\run_alba9b.m","unchanged","B04615C67581F421E5DDAB982B2A9241839B0869E71AF565F89064C947CC95C9","B04615C67581F421E5DDAB982B2A9241839B0869E71AF565F89064C947CC95C9"
